category,subcategory,indicator,indonesia_value,korea_value,unit,year,source_slide,
Country Overview,Demographics,Population,276.4,51.3,million,2021,Country Snapshot,
Country Overview,Demographics,Population aged 15-64,187.6,36.5,million,2021,Country Snapshot,
Country Overview,Demographics,Households,71.3,21.5,million,2021,Country Snapshot,
Country Overview,Demographics,Urban population share,57,81,percent,2021,Country Snapshot,
Country Overview,Economy,Total current GDP,1158.8,1806.7,billion USD,2021,Country Snapshot,
Country Overview,Economy,GDP per capita,4193,35215,USD,2021,Country Snapshot,
Country Overview,Economy,Consumer spending per capita,2382,15520,USD,2021,Country Snapshot,
Country Overview,Digital Infrastructure,Internet penetration,72.9,92.2,percent,2021,Country Snapshot,
Country Overview,Digital Infrastructure,Smartphone penetration,72.1,92.1,percent,2021,Country Snapshot,
Country Overview,Digital Infrastructure,Broadband subscriptions,40.1,44,per 100 inhabitants,2021,Country Snapshot,
Country Overview,Digital Infrastructure,Average connection speed,8.7,51.9,Mbits/s,2021,Country Snapshot,
Country Overview,Digital Infrastructure,Social media penetration,70,88.8,percent,2021,Country Snapshot,
eCommerce,Market Size,eCommerce users,159,38,million,2021,eCommerce Key Findings,
eCommerce,Market Size,eCommerce penetration,57,74,percent,2021,eCommerce Key Findings / Population shops online,
eCommerce,Market Size,eCommerce net sales (top 100 stores),4.5,25.2,billion USD,2021,Top 100 stores market volume,
eCommerce,Market Size,eCommerce net sales growth since 2018 (top 100),141,101,percent,2018-2021,Top 100 stores market volume,
eCommerce,Market Size,Retail eCommerce revenue,46.05,,,billion USD,2022,Retail eCommerce Revenue (Indonesia only - Korea data in KRW)
eCommerce,Market Size,eCommerce user growth forecast to 2025,39,12,percent,2021-2025,eCommerce users expected to grow,
eCommerce,Market Size,eCommerce users forecast 2025,221,43,million,2025,eCommerce users expected to grow,
eCommerce,Market Concentration,Top 5 stores share of top 100 net sales,72,73,percent,2020,Top 5 stores account for percentage,
eCommerce,Market Concentration,Top 5 stores net sales,2069.3,13500,million USD,2020,Top 5 stores account for percentage,
eCommerce,Market Concentration,Pure player share (by net sales),68,58,percent,2020,Online pure players,
eCommerce,Market Concentration,Pure player share (by number of stores),39,57,percent,2020,Online pure players,
eCommerce,Consumer Behavior,High household income shoppers,34,33,percent,,High household income,
eCommerce,Consumer Behavior,Research online before major purchase,50,55,percent,,Research online when planning,
eCommerce,Consumer Behavior,Top purchase category 1 (clothing),68,58,percent,,Main categories for online shopping,
eCommerce,Consumer Behavior,Top purchase category 2,51,48,percent,,Main categories (Shoes ID / Food&Drinks KR),
eCommerce,Consumer Behavior,Top interest category 1 (clothing),77,63,percent,,Top 3 interests of online shoppers,
eCommerce,Consumer Behavior,Top interest category 2 (shoes),66,55,percent,,Top 3 interests of online shoppers,
eCommerce,Consumer Behavior,Top interest category 3 (consumer electronics),64,48,percent,,Top 3 interests of online shoppers,
eCommerce,Consumer Behavior,Annual time on mobile shopping apps 2021,5559,,,million hours,2021,Annual time on mobile shopping apps (Indonesia only)
eCommerce,Store Performance,Top 100 stores YoY growth average,23,20,percent,2021,Top stores YoY growth,
eCommerce,Store Performance,Fashion active stores among top 100,49,73,percent,2020,Online stores active in Fashion,
eCommerce,Store Performance,Electronics & Media active stores among top 100,29,29,percent,2020,Online stores active in Electronics & Media,
eCommerce,Store Performance,Toys Hobby DIY active stores among top 100,37,51,percent,2020,Online stores active in Toys Hobby DIY,
eCommerce,Store Performance,Furniture & Appliances active stores among top 100,16,31,percent,2020,Stores active in Furniture & Appliances,
eCommerce,Store Performance,Food & Personal Care active stores among top 100,25,35,percent,2020,Stores active in Food & Personal Care,
eCommerce,Payment,Cards as payment method offered by top 100 stores,97,,,percent,2020,Payment method offered most (Korea data not directly comparable)
eCommerce,Payment,Bank transfer offered by top 100 stores,93,,,percent,2020,Payment method offered most (Indonesia only)
eCommerce,Payment,Cash on delivery offered by top 100 stores,54,,,percent,2020,Payment method offered most (Indonesia only)
eCommerce,Payment,Mobile wallet top payment method (age 16-24),high,,,qualitative,2022,Leading payment methods - 20s
Shopping,Retail,Hypermarket retail sales value,1.08,,,billion USD,2021,Value of retail sales from hypermarkets (Korea data in KRW - not directly comparable)
Tourism,Outbound,Outbound travel expenditure,11.31,36.57,billion USD,2019,Outbound travel expenditure (Korea: 2017 peak est.),
Tourism,Outbound,Share intending to travel abroad,27,80,percent,2022,Share of people who intended to travel abroad,
Tourism,Accommodation,Total domestic guests in star hotels,74.07,,,million,2019,Total domestic guests in star hotels (Korea data different metric)
Tourism,Accommodation,Number of hotels,3520,746,units (1000s ID / units KR),2021 ID / 2019 KR,Number of hotels,
Tourism,Accommodation,Hotel employees,348300,49900,persons,2020,Number of employees in accommodation services,
Tourism,Industry,Tourism industry employees,2564500,191520,persons (thousands),2020,Number of employees in tourism industry,
Tourism,Demographics,International travelers aged 18-24,63.8,,,percent,2021,Distribution of international travelers (Korea data different breakdown)
Tourism,Demographics,International travelers aged 25-34,33.9,,,percent,2021,Distribution of international travelers (Indonesia only)
Economics,Wealth,Number of millionaires,21430,393000,persons,2020,Number of millionaires,
Economics,Real Estate,Residential property price index trend,rising,stabilizing,qualitative,2022,Residential property price index,
Economics,Banking,Monthly net interest margin (NIM) - commercial banks,4.62,1.45,percent,2021-2022,Monthly net interest margin,
Economics,Banking,Household loan YoY growth rate (recent trough),-2.4,1.2,percent,Jan-2021 ID / Aug-2022 KR,Monthly YoY loan growth,
Economics,Banking,Major bank 1 total assets (BRI / KB Kookmin),1678.1,483.56,trillion local currency,2021,Total assets of major bank 1,
Economics,Banking,Major bank 1 net income (BRI / KB Kookmin),114.09,2.54,trillion local currency,2021,Net income of major bank 1,
Economics,Banking,Major bank 2 total assets (Mandiri / Shinhan),1725.61,467.44,trillion local currency,2021,Total assets of major bank 2,
Economics,Banking,Major bank 2 net income (Mandiri / Shinhan),30.55,2.49,trillion local currency,2021,Net income of major bank 2,
Economics,Banking,Major bank 3 total assets (BCA / Hana),1228.35,430.19,trillion local currency,2021,Total assets of major bank 3,
Economics,Banking,Major bank 3 net income (BCA / Hana),31.44,2.58,trillion local currency,2021,Net income of major bank 3,
Economics,Banking,Major bank 4 total assets (BNI / Woori),964.84,397.36,trillion local currency,2021,Total assets of major bank 4,
Economics,Banking,Major bank 4 net income (BNI / Woori),11.72,2.38,trillion local currency,2021,Net income of major bank 4,
Health,Fitness,Share with fitness studio membership,29,,,percent,2020,Fitness studio memberships (Korea: franchise breakdown only)
Health,Fitness,Top gym reason - general fitness & health,high,56.63,percent,2020,Reasons for going to gym (Indonesia: qualitative top rank),
Health,Fitness,Top gym reason - lose weight,high,51.75,percent,2020,Reasons for going to gym,
Health,Fitness,Top gym reason - mental health / stress,high,39.2,percent,2020,Reasons for going to gym,
Health,Organic Food,Sometimes buy organic food,32,50.6,percent,2021,Frequency of purchasing organic food,
Health,Organic Food,Often buy organic food,32,16.23,percent,2021,Frequency of purchasing organic food,
Health,Organic Food,Rarely buy organic food,17,20.86,percent,2021,Frequency of purchasing organic food,
Health,Organic Food,Never buy organic food,2,5.17,percent,2021,Frequency of purchasing organic food,
Health,Organic Food,Top reason for organic purchase - healthier/nutritious,76,52.6,percent,2021,Reasons for purchasing organic food,
Health,Organic Food,Top reason - better for environment,49,41.39,percent,2021,Reasons for purchasing organic food,
Health,Organic Food,Top reason - more ethical/fair,33,19.26,percent,2021,Reasons for purchasing organic food,
Health,Organic Food,Top reason - trust safety standards,21,29.14,percent,2021,Reasons for purchasing organic food,
Health,Infrastructure,Total hospital beds,371195,,,units,2021,Number of hospital beds (Korea: density metric 12.65/1000)
Health,Infrastructure,Hospital bed density,,,12.65,per 1000 inhabitants,2020,Number of hospital beds
